user_id,firstname,lastname,email,password,authority
1,joe,han,1@t.com,test,0
2,yeweon,kim,2@t.com,test,0
3,jayne,white,3@t.com,test,0
4,donald,trump,4@t.com,test,0
5,joe,biden,5@t.com,test,0
6,barack,obama,6@t.com,test,0
7,davis,sithideth,7@t.com,test,0
8,dimitri,nakos,8@t.com,test,0
9,lindsey,lawless,9@t.com,test,0
10,halley,wang,10@t.com,test,0
11,juan,hernendez,11@t.com,test,0
12,lando,borghi,12@t.com,test,0
13,paul,beck,13@t.com,test,0
14,nobby,nataka,14@t.com,test,0
15,lindsey,xhao,15@t.com,test,0